{
  "project_info": {
    "project_number": "846074181162",
    "project_id": "artchart-b98a6",
    "storage_bucket": "artchart-b98a6.firebasestorage.app"
  },
  "client": [
    {
      "client_info": {
        "mobilesdk_app_id": "1:846074181162:android:45b13620e3040915fe3553",
        "android_client_info": {
          "package_name": "com.lab.artchart"
        }
      },
      "oauth_client": [],
      "api_key": [
        {
          "current_key": "AIzaSyBwI_ssCtSWsRWjP5ul_4z_JEbXVajQ0hk"
        }
      ],
      "services": {
        "appinvite_service": {
          "other_platform_oauth_client": []
        }
      }
    }
  ],
  "configuration_version": "1"
}